--
-- PostgreSQL database dump
--

-- Dumped from database version 16.4
-- Dumped by pg_dump version 16.4

-- Started on 2025-10-26 11:17:24 CST

SET statement_timeout = 0;
SET lock_timeout = 0;
SET idle_in_transaction_session_timeout = 0;
SET client_encoding = 'UTF8';
SET standard_conforming_strings = on;
SELECT pg_catalog.set_config('search_path', '', false);
SET check_function_bodies = false;
SET xmloption = content;
SET client_min_messages = warning;
SET row_security = off;

ALTER TABLE ONLY public.evento_trafico DROP CONSTRAINT evento_trafico_tipo_id_dd29038f_fk_tipo_evento_id;
ALTER TABLE ONLY public.evento_trafico DROP CONSTRAINT evento_trafico_gravedad_id_3d2043c2_fk_nivel_gravedad_id;
ALTER TABLE ONLY public.evento_trafico DROP CONSTRAINT evento_trafico_estado_id_8e5e9d1d_fk_estado_evento_id;
ALTER TABLE ONLY public.evento_ruta_afectada DROP CONSTRAINT evento_ruta_afectada_evento_id_929d21eb_fk_evento_trafico_id;
DROP INDEX public.tipo_evento_codigo_bcc5e2a7_like;
DROP INDEX public.tipo_evento_codigo_b80c1b_idx;
DROP INDEX public.tipo_evento_activo_432b5b_idx;
DROP INDEX public.nivel_gravedad_codigo_070aa497_like;
DROP INDEX public.nivel_grave_orden_c557b6_idx;
DROP INDEX public.nivel_grave_codigo_e08f2d_idx;
DROP INDEX public.evento_trafico_ubicacion_a0d25425_id;
DROP INDEX public.evento_trafico_tipo_id_dd29038f;
DROP INDEX public.evento_trafico_gravedad_id_3d2043c2;
DROP INDEX public.evento_trafico_estado_id_8e5e9d1d;
DROP INDEX public.evento_trafico_area_afectacion_7098fbfa_id;
DROP INDEX public.evento_traf_viaje_i_a297b6_idx;
DROP INDEX public.evento_traf_vehicul_57a3f0_idx;
DROP INDEX public.evento_traf_ubicaci_7c2435_idx;
DROP INDEX public.evento_traf_tipo_id_8e77ff_idx;
DROP INDEX public.evento_traf_latitud_3313c0_idx;
DROP INDEX public.evento_traf_graveda_655ff4_idx;
DROP INDEX public.evento_traf_fecha_r_a163fc_idx;
DROP INDEX public.evento_traf_fecha_o_7b2e94_idx;
DROP INDEX public.evento_traf_estado__03c98c_idx;
DROP INDEX public.evento_traf_elimina_d5d5fa_idx;
DROP INDEX public.evento_traf_correla_5388a7_idx;
DROP INDEX public.evento_traf_area_af_836cc5_idx;
DROP INDEX public.evento_ruta_sistema_502bb6_idx;
DROP INDEX public.evento_ruta_ruta_co_7b55ec_idx;
DROP INDEX public.evento_ruta_relevan_820be0_idx;
DROP INDEX public.evento_ruta_evento__ec847f_idx;
DROP INDEX public.evento_ruta_afectada_evento_id_929d21eb;
DROP INDEX public.estado_evento_codigo_3d93a0b5_like;
DROP INDEX public.estado_even_codigo_5f531c_idx;
ALTER TABLE ONLY public.tipo_evento DROP CONSTRAINT tipo_evento_pkey;
ALTER TABLE ONLY public.tipo_evento DROP CONSTRAINT tipo_evento_codigo_key;
ALTER TABLE ONLY public.nivel_gravedad DROP CONSTRAINT nivel_gravedad_pkey;
ALTER TABLE ONLY public.nivel_gravedad DROP CONSTRAINT nivel_gravedad_codigo_key;
ALTER TABLE ONLY public.evento_trafico DROP CONSTRAINT evento_trafico_pkey;
ALTER TABLE ONLY public.evento_ruta_afectada DROP CONSTRAINT evento_ruta_afectada_pkey;
ALTER TABLE ONLY public.evento_ruta_afectada DROP CONSTRAINT evento_ruta_afectada_evento_id_sistema_origen_0acf55d4_uniq;
ALTER TABLE ONLY public.estado_evento DROP CONSTRAINT estado_evento_pkey;
ALTER TABLE ONLY public.estado_evento DROP CONSTRAINT estado_evento_codigo_key;
ALTER TABLE ONLY public.django_migrations DROP CONSTRAINT django_migrations_pkey;
DROP TABLE public.tipo_evento;
DROP TABLE public.nivel_gravedad;
DROP TABLE public.evento_trafico;
DROP TABLE public.evento_ruta_afectada;
DROP TABLE public.estado_evento;
DROP TABLE public.django_migrations;
DROP EXTENSION postgis;
--
-- TOC entry 2 (class 3079 OID 26677)
-- Name: postgis; Type: EXTENSION; Schema: -; Owner: -
--

CREATE EXTENSION IF NOT EXISTS postgis WITH SCHEMA public;


--
-- TOC entry 4417 (class 0 OID 0)
-- Dependencies: 2
-- Name: EXTENSION postgis; Type: COMMENT; Schema: -; Owner: -
--

COMMENT ON EXTENSION postgis IS 'PostGIS geometry and geography spatial types and functions';


SET default_table_access_method = heap;

--
-- TOC entry 217 (class 1259 OID 24631)
-- Name: django_migrations; Type: TABLE; Schema: public; Owner: -
--

CREATE TABLE public.django_migrations (
    id bigint NOT NULL,
    app character varying(255) NOT NULL,
    name character varying(255) NOT NULL,
    applied timestamp with time zone NOT NULL
);


--
-- TOC entry 216 (class 1259 OID 24630)
-- Name: django_migrations_id_seq; Type: SEQUENCE; Schema: public; Owner: -
--

ALTER TABLE public.django_migrations ALTER COLUMN id ADD GENERATED BY DEFAULT AS IDENTITY (
    SEQUENCE NAME public.django_migrations_id_seq
    START WITH 1
    INCREMENT BY 1
    NO MINVALUE
    NO MAXVALUE
    CACHE 1
);


--
-- TOC entry 219 (class 1259 OID 24709)
-- Name: estado_evento; Type: TABLE; Schema: public; Owner: -
--

CREATE TABLE public.estado_evento (
    id smallint NOT NULL,
    codigo character varying(16) NOT NULL,
    nombre character varying(32) NOT NULL,
    creado_en timestamp with time zone NOT NULL,
    actualizado_en timestamp with time zone NOT NULL
);


--
-- TOC entry 218 (class 1259 OID 24708)
-- Name: estado_evento_id_seq; Type: SEQUENCE; Schema: public; Owner: -
--

ALTER TABLE public.estado_evento ALTER COLUMN id ADD GENERATED BY DEFAULT AS IDENTITY (
    SEQUENCE NAME public.estado_evento_id_seq
    START WITH 1
    INCREMENT BY 1
    NO MINVALUE
    NO MAXVALUE
    CACHE 1
);


--
-- TOC entry 227 (class 1259 OID 24743)
-- Name: evento_ruta_afectada; Type: TABLE; Schema: public; Owner: -
--

CREATE TABLE public.evento_ruta_afectada (
    id bigint NOT NULL,
    sistema_origen character varying(32) NOT NULL,
    ruta_id_externo integer NOT NULL,
    ruta_codigo character varying(32),
    ruta_nombre character varying(120),
    relevancia character varying(16) NOT NULL,
    creado_en timestamp with time zone NOT NULL,
    actualizado_en timestamp with time zone NOT NULL,
    evento_id bigint NOT NULL
);


--
-- TOC entry 226 (class 1259 OID 24742)
-- Name: evento_ruta_afectada_id_seq; Type: SEQUENCE; Schema: public; Owner: -
--

ALTER TABLE public.evento_ruta_afectada ALTER COLUMN id ADD GENERATED BY DEFAULT AS IDENTITY (
    SEQUENCE NAME public.evento_ruta_afectada_id_seq
    START WITH 1
    INCREMENT BY 1
    NO MINVALUE
    NO MAXVALUE
    CACHE 1
);


--
-- TOC entry 225 (class 1259 OID 24735)
-- Name: evento_trafico; Type: TABLE; Schema: public; Owner: -
--

CREATE TABLE public.evento_trafico (
    id bigint NOT NULL,
    titulo character varying(140) NOT NULL,
    descripcion text NOT NULL,
    latitud numeric(12,9),
    longitud numeric(12,9),
    radio_metros integer NOT NULL,
    fecha_ocurrencia timestamp with time zone NOT NULL,
    fecha_reporte timestamp with time zone NOT NULL,
    expira_en timestamp with time zone,
    viaje_id_externo integer,
    viaje_sistema_origen character varying(32),
    vehiculo_id_externo integer,
    conductor_id_externo integer,
    correlacion_id uuid,
    creado_por_id_externo integer,
    creado_por_username character varying(150),
    actualizado_por_id_externo integer,
    actualizado_por_username character varying(150),
    creado_en timestamp with time zone NOT NULL,
    actualizado_en timestamp with time zone NOT NULL,
    eliminado_en timestamp with time zone,
    estado_id smallint NOT NULL,
    gravedad_id smallint NOT NULL,
    tipo_id smallint NOT NULL,
    area_afectacion public.geometry(Geometry,4326),
    ubicacion public.geometry(Point,4326)
);


--
-- TOC entry 224 (class 1259 OID 24734)
-- Name: evento_trafico_id_seq; Type: SEQUENCE; Schema: public; Owner: -
--

ALTER TABLE public.evento_trafico ALTER COLUMN id ADD GENERATED BY DEFAULT AS IDENTITY (
    SEQUENCE NAME public.evento_trafico_id_seq
    START WITH 1
    INCREMENT BY 1
    NO MINVALUE
    NO MAXVALUE
    CACHE 1
);


--
-- TOC entry 221 (class 1259 OID 24717)
-- Name: nivel_gravedad; Type: TABLE; Schema: public; Owner: -
--

CREATE TABLE public.nivel_gravedad (
    id smallint NOT NULL,
    codigo character varying(16) NOT NULL,
    nombre character varying(32) NOT NULL,
    orden smallint NOT NULL,
    creado_en timestamp with time zone NOT NULL,
    actualizado_en timestamp with time zone NOT NULL
);


--
-- TOC entry 220 (class 1259 OID 24716)
-- Name: nivel_gravedad_id_seq; Type: SEQUENCE; Schema: public; Owner: -
--

ALTER TABLE public.nivel_gravedad ALTER COLUMN id ADD GENERATED BY DEFAULT AS IDENTITY (
    SEQUENCE NAME public.nivel_gravedad_id_seq
    START WITH 1
    INCREMENT BY 1
    NO MINVALUE
    NO MAXVALUE
    CACHE 1
);


--
-- TOC entry 223 (class 1259 OID 24725)
-- Name: tipo_evento; Type: TABLE; Schema: public; Owner: -
--

CREATE TABLE public.tipo_evento (
    id smallint NOT NULL,
    codigo character varying(32) NOT NULL,
    nombre character varying(64) NOT NULL,
    descripcion text NOT NULL,
    activo boolean NOT NULL,
    creado_en timestamp with time zone NOT NULL,
    actualizado_en timestamp with time zone NOT NULL
);


--
-- TOC entry 222 (class 1259 OID 24724)
-- Name: tipo_evento_id_seq; Type: SEQUENCE; Schema: public; Owner: -
--

ALTER TABLE public.tipo_evento ALTER COLUMN id ADD GENERATED BY DEFAULT AS IDENTITY (
    SEQUENCE NAME public.tipo_evento_id_seq
    START WITH 1
    INCREMENT BY 1
    NO MINVALUE
    NO MAXVALUE
    CACHE 1
);


--
-- TOC entry 4401 (class 0 OID 24631)
-- Dependencies: 217
-- Data for Name: django_migrations; Type: TABLE DATA; Schema: public; Owner: -
--

COPY public.django_migrations (id, app, name, applied) FROM stdin;
2	contenttypes	0001_initial	2025-10-25 09:29:14.585442-06
3	auth	0001_initial	2025-10-25 09:29:14.594396-06
4	admin	0001_initial	2025-10-25 11:14:34.547197-06
5	admin	0002_logentry_remove_auto_add	2025-10-25 11:14:34.559423-06
6	admin	0003_logentry_add_action_flag_choices	2025-10-25 11:14:34.568925-06
7	contenttypes	0002_remove_content_type_name	2025-10-25 11:14:34.583161-06
8	auth	0002_alter_permission_name_max_length	2025-10-25 11:14:34.593903-06
9	auth	0003_alter_user_email_max_length	2025-10-25 11:14:34.606084-06
10	auth	0004_alter_user_username_opts	2025-10-25 11:14:34.618027-06
11	auth	0005_alter_user_last_login_null	2025-10-25 11:14:34.635216-06
12	auth	0006_require_contenttypes_0002	2025-10-25 11:14:34.63786-06
13	auth	0007_alter_validators_add_error_messages	2025-10-25 11:14:34.650183-06
14	auth	0008_alter_user_username_max_length	2025-10-25 11:14:34.658431-06
15	auth	0009_alter_user_last_name_max_length	2025-10-25 11:14:34.667059-06
16	auth	0010_alter_group_name_max_length	2025-10-25 11:14:34.67879-06
17	auth	0011_update_proxy_permissions	2025-10-25 11:14:34.682131-06
18	auth	0012_alter_user_first_name_max_length	2025-10-25 11:14:34.690198-06
19	microservicios_eventos	0001_initial	2025-10-25 11:14:34.895843-06
20	sessions	0001_initial	2025-10-25 11:14:34.898861-06
21	microservicios_eventos	0002_change_user_id_to_integer	2025-10-26 08:04:44.029283-06
22	microservicios_eventos	0003_alter_eventorutaafectada_ruta_id_externo_and_more	2025-10-26 08:10:41.01732-06
23	microservicios_eventos	0004_eventotrafico_area_afectacion_and_more	2025-10-26 08:10:48.512486-06
24	microservicios_eventos	0005_increase_coordinate_precision	2025-10-26 08:26:21.005551-06
\.


--
-- TOC entry 4403 (class 0 OID 24709)
-- Dependencies: 219
-- Data for Name: estado_evento; Type: TABLE DATA; Schema: public; Owner: -
--

COPY public.estado_evento (id, codigo, nombre, creado_en, actualizado_en) FROM stdin;
1	001	Planificado	2025-10-25 11:18:25.667905-06	2025-10-25 11:18:25.668145-06
2	002	Activo	2025-10-25 11:18:40.153133-06	2025-10-25 11:18:40.153431-06
3	003	Finalizado	2025-10-25 11:19:07.759886-06	2025-10-25 11:19:07.760186-06
4	004	Inactivo	2025-10-25 13:33:04.069384-06	2025-10-25 13:33:04.069569-06
7	ACTIVO	Activo	2025-10-26 08:03:15.168864-06	2025-10-26 08:03:15.169095-06
\.


--
-- TOC entry 4411 (class 0 OID 24743)
-- Dependencies: 227
-- Data for Name: evento_ruta_afectada; Type: TABLE DATA; Schema: public; Owner: -
--

COPY public.evento_ruta_afectada (id, sistema_origen, ruta_id_externo, ruta_codigo, ruta_nombre, relevancia, creado_en, actualizado_en, evento_id) FROM stdin;
\.


--
-- TOC entry 4409 (class 0 OID 24735)
-- Dependencies: 225
-- Data for Name: evento_trafico; Type: TABLE DATA; Schema: public; Owner: -
--

COPY public.evento_trafico (id, titulo, descripcion, latitud, longitud, radio_metros, fecha_ocurrencia, fecha_reporte, expira_en, viaje_id_externo, viaje_sistema_origen, vehiculo_id_externo, conductor_id_externo, correlacion_id, creado_por_id_externo, creado_por_username, actualizado_por_id_externo, actualizado_por_username, creado_en, actualizado_en, eliminado_en, estado_id, gravedad_id, tipo_id, area_afectacion, ubicacion) FROM stdin;
7	Accidente en Bulevar Constitución	Colisión entre dos vehículos bloquea carril derecho	13.703300000	-89.218200000	200	2025-10-26 08:11:18.107199-06	2025-10-26 08:11:18.107202-06	\N	\N	\N	\N	\N	bd8a3657-47bb-4bb2-b1e5-62a96ee722ce	\N	\N	\N	\N	2025-10-26 08:11:18.107461-06	2025-10-26 08:11:18.108841-06	\N	7	13	7	0103000020E610000001000000210000000C708D8DD94D56C0B98D06F016682B40BDB7581EDA4D56C00B4613FFE8672B4042152ACBDB4D56C0A57917D2BC672B40DFD98683DE4D56C05038AC1B94672B40C540AC2CE24D56C0709A586C70672B4081B496A2E64D56C044632D2353672B40AB1C64B9EB4D56C05B3E47603D672B403896033FF14D56C02E52BCF92F672B402EFF21FDF64D56C0AB1462732B672B40246840BBFC4D56C02E52BCF92F672B40B1E1DF40024E56C05B3E47603D672B40DB49AD57074E56C044632D2353672B4097BD97CD0B4E56C0709A586C70672B407D24BD760F4E56C05038AC1B94672B401AE9192F124E56C0A57917D2BC672B409F46EBDB134E56C00B4613FFE8672B40508EB66C144E56C0B98D06F016682B409F46EBDB134E56C067D5F9E044682B401AE9192F124E56C0CDA1F50D71682B407D24BD760F4E56C022E360C499682B4097BD97CD0B4E56C00281B473BD682B40DB49AD57074E56C02EB8DFBCDA682B40B1E1DF40024E56C017DDC57FF0682B40246840BBFC4D56C044C950E6FD682B402EFF21FDF64D56C0C706AB6C02692B403896033FF14D56C044C950E6FD682B40AB1C64B9EB4D56C017DDC57FF0682B4081B496A2E64D56C02EB8DFBCDA682B40C540AC2CE24D56C00281B473BD682B40DFD98683DE4D56C022E360C499682B4042152ACBDB4D56C0CDA1F50D71682B40BDB7581EDA4D56C067D5F9E044682B400C708D8DD94D56C0B98D06F016682B40	0101000020E61000002EFF21FDF64D56C0B98D06F016682B40
8	Congestión en Autopista a Santa Ana	Tráfico lento por obras en la vía	13.994400000	-89.558600000	500	2025-10-26 08:11:18.130766-06	2025-10-26 08:11:18.130771-06	\N	\N	\N	\N	\N	5670b037-2598-40dd-9d9c-99f298932b47	\N	\N	\N	\N	2025-10-26 08:11:18.130902-06	2025-10-26 08:11:18.131729-06	\N	7	5	8	0103000020E61000000100000021000000177D4383766356C0E9482EFF21FD2B4050B03FED776356C0B515CE24AFFC2B401E1A4B1D7C6356C0B69658B440FC2B40A60533EA826356C062734CECDAFB2B40E48610118C6356C0B368FBB581FB2B403AA8DA37976356C0C35E0F7F38FB2B40A52CDCF0A36356C07F02D01702FB2B4084DCEABEB16356C00DB47497E0FA2B40EBE2361AC06356C0461A9347D5FA2B4052E98275CE6356C00DB47497E0FA2B4031999143DC6356C07F02D01702FB2B409C1D93FCE86356C0C35E0F7F38FB2B40F23E5D23F46356C0B368FBB581FB2B4030C03A4AFD6356C062734CECDAFB2B40B8AB2217046456C0B69658B440FC2B4086152E47086456C0B515CE24AFFC2B40BF482AB1096456C0E9482EFF21FD2B4086152E47086456C01D7C8ED994FD2B40B8AB2217046456C01CFB034A03FE2B4030C03A4AFD6356C0701E101269FE2B40F23E5D23F46356C01F296148C2FE2B409C1D93FCE86356C00F334D7F0BFF2B4031999143DC6356C0538F8CE641FF2B4052E98275CE6356C0C5DDE76663FF2B40EBE2361AC06356C08C77C9B66EFF2B4084DCEABEB16356C0C5DDE76663FF2B40A52CDCF0A36356C0538F8CE641FF2B403AA8DA37976356C00F334D7F0BFF2B40E48610118C6356C01F296148C2FE2B40A60533EA826356C0701E101269FE2B401E1A4B1D7C6356C01CFB034A03FE2B4050B03FED776356C01D7C8ED994FD2B40177D4383766356C0E9482EFF21FD2B40	0101000020E6100000EBE2361AC06356C0E9482EFF21FD2B40
9	Accidente en Carretera Panamericana	Vuelco de camión cerca de La Libertad	13.488900000	-89.322200000	300	2025-10-26 08:11:18.133651-06	2025-10-26 08:11:18.133655-06	\N	\N	\N	\N	\N	1e7c8edf-b2d4-4ff3-b2ea-f5a4c00760ca	\N	\N	\N	\N	2025-10-26 08:11:18.133771-06	2025-10-26 08:11:18.134331-06	\N	7	13	7	0103000020E61000000100000021000000A8DA60C5725456C05F07CE1951FA2A4031C6919E735456C0D91B61300CFA2A4079D2CB21765456C04069E7ECC9F92A4065F956367A5456C0418746DB8CF92A40BD130FB47F5456C0721A495457F92A4057C1EE64865456C0AF4788662BF92A4097DD22078E5456C052102FC20AF92A40EA13924F965456C00EAE5EA8F6F82A405BB1BFEC9E5456C0CA51D7DEEFF82A40CC4EED89A75456C00EAE5EA8F6F82A401F855CD2AF5456C052102FC20AF92A405FA19074B75456C0AF4788662BF92A40F94E7025BE5456C0721A495457F92A40516928A3C35456C0418746DB8CF92A403D90B3B7C75456C04069E7ECC9F92A40859CED3ACA5456C0D91B61300CFA2A400E881E14CB5456C05F07CE1951FA2A40859CED3ACA5456C0E5F23A0396FA2A403D90B3B7C75456C07EA5B446D8FA2A40516928A3C35456C07D87555815FB2A40F94E7025BE5456C04CF452DF4AFB2A405FA19074B75456C00FC713CD76FB2A401F855CD2AF5456C06CFE6C7197FB2A40CC4EED89A75456C0B0603D8BABFB2A405BB1BFEC9E5456C0F4BCC454B2FB2A40EA13924F965456C0B0603D8BABFB2A4097DD22078E5456C06CFE6C7197FB2A4057C1EE64865456C00FC713CD76FB2A40BD130FB47F5456C04CF452DF4AFB2A4065F956367A5456C07D87555815FB2A4079D2CB21765456C07EA5B446D8FA2A4031C6919E735456C0E5F23A0396FA2A40A8DA60C5725456C05F07CE1951FA2A40	0101000020E61000005BB1BFEC9E5456C05F07CE1951FA2A40
10	Obra en Boulevard de los Héroes	Mantenimiento de alcantarillado - carril cerrado	13.711500000	-89.207400000	150	2025-10-26 08:12:01.299966-06	2025-10-26 08:12:01.299972-06	\N	\N	\N	\N	\N	3fc60036-b7dc-45e9-a27e-7d446474a143	\N	\N	\N	\N	2025-10-26 08:12:01.300404-06	2025-10-26 08:12:01.302184-06	\N	7	2	9	0103000020E61000000100000021000000D7E0F6F62F4D56C03F355EBA496C2B409B568F63304D56C07CBFA745276C2B40BF5C2CA5314D56C030E6EA23066C2B4035F071AF334D56C030751A9BE76B2B4061FD4D6E364D56C0C9BE9BD7CC6B2B402ED4BDC6394D56C06755BBE0B66B2B404EE2D7973D4D56C0B9B98E8EA66B2B40787D0FBC414D56C09788A6819C6B2B40304CA60A464D56C074DAE21C996B2B40E81A3D594A4D56C09788A6819C6B2B4012B6747D4E4D56C0B9B98E8EA66B2B4032C48E4E524D56C06755BBE0B66B2B40FF9AFEA6554D56C0C9BE9BD7CC6B2B402BA8DA65584D56C030751A9BE76B2B40A13B20705A4D56C030E6EA23066C2B40C541BDB15B4D56C07CBFA745276C2B4089B7551E5C4D56C03F355EBA496C2B40C541BDB15B4D56C002AB142F6C6C2B40A13B20705A4D56C04E84D1508D6C2B402BA8DA65584D56C04EF5A1D9AB6C2B40FF9AFEA6554D56C0B5AB209DC66C2B4032C48E4E524D56C017150194DC6C2B4012B6747D4E4D56C0C5B02DE6EC6C2B40E81A3D594A4D56C0E7E115F3F66C2B40304CA60A464D56C00A90D957FA6C2B40787D0FBC414D56C0E7E115F3F66C2B404EE2D7973D4D56C0C5B02DE6EC6C2B402ED4BDC6394D56C017150194DC6C2B4061FD4D6E364D56C0B5AB209DC66C2B4035F071AF334D56C04EF5A1D9AB6C2B40BF5C2CA5314D56C04E84D1508D6C2B409B568F63304D56C002AB142F6C6C2B40D7E0F6F62F4D56C03F355EBA496C2B40	0101000020E6100000304CA60A464D56C03F355EBA496C2B40
11	Accidente Fatal Autopista Comalapa	Accidente múltiple con heridos - vía completamente cerrada	13.583300000	-89.050000000	1000	2025-10-26 08:12:01.32076-06	2025-10-26 08:12:01.320765-06	\N	\N	\N	\N	\N	a0771cd7-dd01-4b52-8cad-399e70148bbf	\N	\N	\N	\N	2025-10-26 08:12:01.320917-06	2025-10-26 08:12:01.321653-06	\N	7	17	7	0103000020E610000001000000210000008A674C05A04256C07B832F4CA62A2B40FCCD44D9A24256C0131D6F97C0292B4098A15B39AB4256C0151F84B6E3282B40AA782BD3B84256C06ED86B2618282B40267BE620CB4256C010C3C9B965272B40D1BD7A6EE14256C030AFF14BD3262B40A6C67DE0FA4256C0A6F6727D66262B4066269B7C164356C0C459BC7C23262B4033333333334356C03526F9DC0C262B400040CBE94F4356C0C459BC7C23262B40C09FE8856B4356C0A6F6727D66262B4095A8EBF7844356C030AFF14BD3262B4040EB7F459B4356C010C3C9B965272B40BCED3A93AD4356C06ED86B2618282B40CEC40A2DBB4356C0151F84B6E3282B406A98218DC34356C0131D6F97C0292B40DCFE1961C64356C07B832F4CA62A2B406A98218DC34356C0E3E9EF008C2B2B40CEC40A2DBB4356C0E1E7DAE1682C2B40BCED3A93AD4356C0882EF371342D2B4040EB7F459B4356C0E64395DEE62D2B4095A8EBF7844356C0C6576D4C792E2B40C09FE8856B4356C05010EC1AE62E2B400040CBE94F4356C032ADA21B292F2B4033333333334356C0C1E065BB3F2F2B4066269B7C164356C032ADA21B292F2B40A6C67DE0FA4256C05010EC1AE62E2B40D1BD7A6EE14256C0C6576D4C792E2B40267BE620CB4256C0E64395DEE62D2B40AA782BD3B84256C0882EF371342D2B4098A15B39AB4256C0E1E7DAE1682C2B40FCCD44D9A24256C0E3E9EF008C2B2B408A674C05A04256C07B832F4CA62A2B40	0101000020E610000033333333334356C07B832F4CA62A2B40
12	Lluvia intensa zona San Miguel	Visibilidad reducida por lluvia fuerte	13.483300000	-88.183300000	2000	2025-10-26 08:12:01.323375-06	2025-10-26 08:12:01.323377-06	\N	\N	\N	\N	\N	8a88c6a8-bbcd-4afc-b59f-eefe3f94cef4	\N	\N	\N	\N	2025-10-26 08:12:01.323465-06	2025-10-26 08:12:01.324148-06	\N	7	18	10	0103000020E6100000010000002100000084BF1ED4940A56C04850FC1873F72A40688C0F7C9A0A56C078837BAFA7F52A40A1333D3CAB0A56C07B87A5EDEDF32A40C3E1DC6FC60A56C02EFA74CD56F22A40BBE6520BEB0A56C072CF30F4F1F02A40136C7BA6170B56C0B2A78018CDEF2A40BC7D818A4A0B56C09F36837BF3EE2A403C3DBCC2810B56C0D9FC157A6DEE2A40D656EC2FBB0B56C0BB958F3A40EE2A4070701C9DF40B56C0D9FC157A6DEE2A40F02F57D52B0C56C09F36837BF3EE2A4099415DB95E0C56C0B2A78018CDEF2A40F1C685548B0C56C072CF30F4F1F02A40E9CBFBEFAF0C56C02EFA74CD56F22A400B7A9B23CB0C56C07B87A5EDEDF32A404421C9E3DB0C56C078837BAFA7F52A4028EEB98BE10C56C04850FC1873F72A404421C9E3DB0C56C0181D7D823EF92A400B7A9B23CB0C56C015195344F8FA2A40E9CBFBEFAF0C56C062A683648FFC2A40F1C685548B0C56C01ED1C73DF4FD2A4099415DB95E0C56C0DEF8771919FF2A40F02F57D52B0C56C0F16975B6F2FF2A4070701C9DF40B56C0B7A3E2B778002B40D656EC2FBB0B56C0D50A69F7A5002B403C3DBCC2810B56C0B7A3E2B778002B40BC7D818A4A0B56C0F16975B6F2FF2A40136C7BA6170B56C0DEF8771919FF2A40BBE6520BEB0A56C01ED1C73DF4FD2A40C3E1DC6FC60A56C062A683648FFC2A40A1333D3CAB0A56C015195344F8FA2A40688C0F7C9A0A56C0181D7D823EF92A4084BF1ED4940A56C04850FC1873F72A40	0101000020E6100000D656EC2FBB0B56C04850FC1873F72A40
13	Congestión en CA-1 hacia Sonsonate	Tráfico pesado en hora pico	13.718600000	-89.723800000	800	2025-10-26 08:12:01.327044-06	2025-10-26 08:12:01.327049-06	\N	\N	\N	\N	\N	23c26963-a8c7-4a55-8486-80bdaad9f5d4	\N	\N	\N	\N	2025-10-26 08:12:01.327188-06	2025-10-26 08:12:01.328146-06	\N	7	2	8	0103000020E610000001000000210000008AF9E9FEDC6D56C0ABCFD556EC6F2B404B181742DF6D56C0F1B00893346F2B40628E5CF5E56D56C0597F19DF836E2B40D6A0CFD6F06D56C0077A6C05E16D2B406D3C657BFF6D56C088021E48526D2B405C0B0F53116E56C0D5257123DD6C2B4007AC44AE256E56C03492D817866C2B403A92C2C43B6E56C07FE1AC7D506C2B4011363CBD526E56C073EB43643E6C2B40E8D9B5B5696E56C07FE1AC7D506C2B401BC033CC7F6E56C03492D817866C2B40C6606927946E56C0D5257123DD6C2B40B52F13FFA56E56C088021E48526D2B404CCBA8A3B46E56C0077A6C05E16D2B40C0DD1B85BF6E56C0597F19DF836E2B40D7536138C66E56C0F1B00893346F2B4098728E7BC86E56C0ABCFD556EC6F2B40D7536138C66E56C065EEA21AA4702B40C0DD1B85BF6E56C0FD1F92CE54712B404CCBA8A3B46E56C04F253FA8F7712B40B52F13FFA56E56C0CE9C8D6586722B40C6606927946E56C081793A8AFB722B401BC033CC7F6E56C0220DD39552732B40E8D9B5B5696E56C0D7BDFE2F88732B4011363CBD526E56C0E3B367499A732B403A92C2C43B6E56C0D7BDFE2F88732B4007AC44AE256E56C0220DD39552732B405C0B0F53116E56C081793A8AFB722B406D3C657BFF6D56C0CE9C8D6586722B40D6A0CFD6F06D56C04F253FA8F7712B40628E5CF5E56D56C0FD1F92CE54712B404B181742DF6D56C065EEA21AA4702B408AF9E9FEDC6D56C0ABCFD556EC6F2B40	0101000020E610000011363CBD526E56C0ABCFD556EC6F2B40
14	Vehículo varado en CA-1 Este km 45	Camión averiado ocupa carril derecho hacia San Miguel	13.683300000	-88.916700000	150	2025-10-26 08:15:01.181929-06	2025-10-26 08:15:01.181932-06	\N	\N	\N	\N	\N	7ed6ae4a-e5f9-4ef9-bcd9-c6a05dd7e8ae	\N	\N	\N	\N	2025-10-26 08:15:01.18228-06	2025-10-26 08:15:01.183483-06	\N	7	5	11	0103000020E6100000010000002100000038A4CA22953A56C0AEB6627FD95D2B40FC19638F953A56C0EB40AC0AB75D2B40202000D1963A56C09F67EFE8955D2B4096B345DB983A56C09FF61E60775D2B40C2C0219A9B3A56C03840A09C5C5D2B408F9791F29E3A56C0D6D6BFA5465D2B40AFA5ABC3A23A56C0283B9353365D2B40D940E3E7A63A56C0060AAB462C5D2B40910F7A36AB3A56C0E35BE7E1285D2B4049DE1085AF3A56C0060AAB462C5D2B40737948A9B33A56C0283B9353365D2B409387627AB73A56C0D6D6BFA5465D2B40605ED2D2BA3A56C03840A09C5C5D2B408C6BAE91BD3A56C09FF61E60775D2B4002FFF39BBF3A56C09F67EFE8955D2B40260591DDC03A56C0EB40AC0AB75D2B40EA7A294AC13A56C0AEB6627FD95D2B40260591DDC03A56C0712C19F4FB5D2B4002FFF39BBF3A56C0BD05D6151D5E2B408C6BAE91BD3A56C0BD76A69E3B5E2B40605ED2D2BA3A56C0242D2562565E2B409387627AB73A56C0869605596C5E2B40737948A9B33A56C0343232AB7C5E2B4049DE1085AF3A56C056631AB8865E2B40910F7A36AB3A56C07911DE1C8A5E2B40D940E3E7A63A56C056631AB8865E2B40AFA5ABC3A23A56C0343232AB7C5E2B408F9791F29E3A56C0869605596C5E2B40C2C0219A9B3A56C0242D2562565E2B4096B345DB983A56C0BD76A69E3B5E2B40202000D1963A56C0BD05D6151D5E2B40FC19638F953A56C0712C19F4FB5D2B4038A4CA22953A56C0AEB6627FD95D2B40	0101000020E6100000910F7A36AB3A56C0AEB6627FD95D2B40
15	Derrumbe en Carretera de Oro	Deslizamiento bloquea parcialmente la vía hacia La Libertad	13.550000000	-89.350000000	300	2025-10-26 08:15:01.201813-06	2025-10-26 08:15:01.201818-06	\N	\N	\N	\N	\N	7c550674-9aa6-4bc9-87f7-caede8c09cd3	\N	\N	\N	\N	2025-10-26 08:15:01.201972-06	2025-10-26 08:15:01.20298-06	\N	7	13	13	0103000020E61000000100000021000000B38F073F3A5656C09A99999999192B403C7B38183B5656C014AE2CB054192B408487729B3D5656C07BFBB26C12192B4070AEFDAF415656C07C19125BD5182B40C8C8B52D475656C0ADAC14D49F182B40627695DE4D5656C0EAD953E673182B40A292C980555656C08DA2FA4153182B40F5C838C95D5656C049402A283F182B4066666666665656C005E4A25E38182B40D70394036F5656C049402A283F182B402A3A034C775656C08DA2FA4153182B406A5637EE7E5656C0EAD953E673182B400404179F855656C0ADAC14D49F182B405C1ECF1C8B5656C07C19125BD5182B4048455A318F5656C07BFBB26C12192B40905194B4915656C014AE2CB054192B40193DC58D925656C09A99999999192B40905194B4915656C020850683DE192B4048455A318F5656C0B93780C6201A2B405C1ECF1C8B5656C0B81921D85D1A2B400404179F855656C087861E5F931A2B406A5637EE7E5656C04A59DF4CBF1A2B402A3A034C775656C0A79038F1DF1A2B40D70394036F5656C0EBF2080BF41A2B4066666666665656C02F4F90D4FA1A2B40F5C838C95D5656C0EBF2080BF41A2B40A292C980555656C0A79038F1DF1A2B40627695DE4D5656C04A59DF4CBF1A2B40C8C8B52D475656C087861E5F931A2B4070AEFDAF415656C0B81921D85D1A2B408487729B3D5656C0B93780C6201A2B403C7B38183B5656C020850683DE192B40B38F073F3A5656C09A99999999192B40	0101000020E610000066666666665656C09A99999999192B40
16	Accidente en CA-2 hacia Usulután	Choque entre bus y pick-up, un carril habilitado	13.350000000	-88.450000000	200	2025-10-26 08:15:01.205135-06	2025-10-26 08:15:01.205138-06	\N	\N	\N	\N	\N	1205f9f0-4156-4e40-b1db-5ed1b9e240db	\N	\N	\N	\N	2025-10-26 08:15:01.205238-06	2025-10-26 08:15:01.205851-06	\N	7	13	7	0103000020E61000000100000021000000AB3D385DAF1C56C03333333333B32A405C8503EEAF1C56C085EB3F4205B32A40E1E2D49AB11C56C01F1F4415D9B22A407EA73153B41C56C0CADDD85EB0B22A40640E57FCB71C56C0EA3F85AF8CB22A4020824172BC1C56C0BE085A666FB22A404AEA0E89C11C56C0D5E373A359B22A40D763AE0EC71C56C0A8F7E83C4CB22A40CDCCCCCCCC1C56C025BA8EB647B22A40C335EB8AD21C56C0A8F7E83C4CB22A4050AF8A10D81C56C0D5E373A359B22A407A175827DD1C56C0BE085A666FB22A40368B429DE11C56C0EA3F85AF8CB22A401CF26746E51C56C0CADDD85EB0B22A40B9B6C4FEE71C56C01F1F4415D9B22A403E1496ABE91C56C085EB3F4205B32A40EF5B613CEA1C56C03333333333B32A403E1496ABE91C56C0E17A262461B32A40B9B6C4FEE71C56C0474722518DB32A401CF26746E51C56C09C888D07B6B32A40368B429DE11C56C07C26E1B6D9B32A407A175827DD1C56C0A85D0C00F7B32A4050AF8A10D81C56C09182F2C20CB42A40C335EB8AD21C56C0BE6E7D291AB42A40CDCCCCCCCC1C56C041ACD7AF1EB42A40D763AE0EC71C56C0BE6E7D291AB42A404AEA0E89C11C56C09182F2C20CB42A4020824172BC1C56C0A85D0C00F7B32A40640E57FCB71C56C07C26E1B6D9B32A407EA73153B41C56C09C888D07B6B32A40E1E2D49AB11C56C0474722518DB32A405C8503EEAF1C56C0E17A262461B32A40AB3D385DAF1C56C03333333333B32A40	0101000020E6100000CDCCCCCCCC1C56C03333333333B32A40
17	Congestión en Bulevar del Ejército	Tráfico intenso por partido de fútbol en el Cuscatlán	13.690000000	-89.230000000	400	2025-10-26 08:15:01.207592-06	2025-10-26 08:15:01.207595-06	\N	\N	\N	\N	\N	0b7bf137-79a3-4217-abc7-64bda7810eb9	\N	\N	\N	\N	2025-10-26 08:15:01.207696-06	2025-10-26 08:15:01.208222-06	\N	7	5	8	0103000020E61000000100000021000000DB66C2727D4E56C0E17A14AE47612B403CF658947E4E56C084EB2DCCEB602B4048B1FBED814E56C0B852367293602B40823AB55E874E56C00FD05F0542602B404D0800B18E4E56C05094B8A6FA5F2B40C5EFD49C974E56C0F6256214C05F2B401AC06FCAA14E56C026DC958E945F2B4033B3AED5AC4E56C0CB0380C1795F2B401F85EB51B84E56C0C588CBB4705F2B400B5728CEC34E56C0CB0380C1795F2B40244A67D9CE4E56C026DC958E945F2B40791A0207D94E56C0F6256214C05F2B40F101D7F2E14E56C05094B8A6FA5F2B40BCCF2145E94E56C00FD05F0542602B40F658DBB5EE4E56C0B852367293602B4002147E0FF24E56C084EB2DCCEB602B4063A31431F34E56C0E17A14AE47612B4002147E0FF24E56C03E0AFB8FA3612B40F658DBB5EE4E56C00AA3F2E9FB612B40BCCF2145E94E56C0B325C9564D622B40F101D7F2E14E56C0726170B594622B40791A0207D94E56C0CCCFC647CF622B40244A67D9CE4E56C09C1993CDFA622B400B5728CEC34E56C0F7F1A89A15632B401F85EB51B84E56C0FD6C5DA71E632B4033B3AED5AC4E56C0F7F1A89A15632B401AC06FCAA14E56C09C1993CDFA622B40C5EFD49C974E56C0CCCFC647CF622B404D0800B18E4E56C0726170B594622B40823AB55E874E56C0B325C9564D622B4048B1FBED814E56C00AA3F2E9FB612B403CF658947E4E56C03E0AFB8FA3612B40DB66C2727D4E56C0E17A14AE47612B40	0101000020E61000001F85EB51B84E56C0E17A14AE47612B40
18	Obra en Carretera Troncal del Norte	Repavimentación - tránsito alternado con bandereros	14.100000000	-89.200000000	500	2025-10-26 08:15:01.210349-06	2025-10-26 08:15:01.210352-06	\N	\N	\N	\N	\N	e9cf2a25-a023-4140-9012-86ccfd601cf6	\N	\N	\N	\N	2025-10-26 08:15:01.210431-06	2025-10-26 08:15:01.210974-06	\N	7	2	9	0103000020E61000000100000021000000F966D935834C56C03333333333332C40329AD59F844C56C0FFFFD258C0322C400004E1CF884C56C000815DE851322C4088EFC89C8F4C56C0AC5D5120EC312C40C670A6C3984C56C0FD5200EA92312C401C9270EAA34C56C00D4914B349312C40871672A3B04C56C0C9ECD44B13312C4066C68071BE4C56C0579E79CBF1302C40CDCCCCCCCC4C56C09004987BE6302C4034D31828DB4C56C0579E79CBF1302C40138327F6E84C56C0C9ECD44B13312C407E0729AFF54C56C00D4914B349312C40D428F3D5004D56C0FD5200EA92312C4012AAD0FC094D56C0AC5D5120EC312C409A95B8C9104D56C000815DE851322C4068FFC3F9144D56C0FFFFD258C0322C40A132C063164D56C03333333333332C4068FFC3F9144D56C06766930DA6332C409A95B8C9104D56C066E5087E14342C4012AAD0FC094D56C0BA0815467A342C40D428F3D5004D56C06913667CD3342C407E0729AFF54C56C0591D52B31C352C40138327F6E84C56C09D79911A53352C4034D31828DB4C56C00FC8EC9A74352C40CDCCCCCCCC4C56C0D661CEEA7F352C4066C68071BE4C56C00FC8EC9A74352C40871672A3B04C56C09D79911A53352C401C9270EAA34C56C0591D52B31C352C40C670A6C3984C56C06913667CD3342C4088EFC89C8F4C56C0BA0815467A342C400004E1CF884C56C066E5087E14342C40329AD59F844C56C06766930DA6332C40F966D935834C56C03333333333332C40	0101000020E6100000CDCCCCCCCC4C56C03333333333332C40
19	Bloqueo en CA-4 Chalatenango	Manifestación de transportistas bloquea completamente la vía	14.033300000	-89.033300000	1000	2025-10-26 08:15:01.21255-06	2025-10-26 08:15:01.212552-06	\N	\N	\N	\N	\N	a4b52e5a-0924-41e8-a107-43459f7d9d5a	\N	\N	\N	\N	2025-10-26 08:15:01.212629-06	2025-10-26 08:15:01.213194-06	\N	7	17	12	0103000020E6100000010000002100000093F16B688E4156C0E2E995B20C112C400558643C914156C07A83D5FD26102C40A12B7B9C994156C07C85EA1C4A0F2C40B3024B36A74156C0D53ED28C7E0E2C402F050684B94156C077293020CC0D2C40DA479AD1CF4156C0971558B2390D2C40AF509D43E94156C00D5DD9E3CC0C2C406FB0BADF044256C02BC022E3890C2C403CBD5296214256C09C8C5F43730C2C4009CAEA4C3E4256C02BC022E3890C2C40C92908E9594256C00D5DD9E3CC0C2C409E320B5B734256C0971558B2390D2C4049759FA8894256C077293020CC0D2C40C5775AF69B4256C0D53ED28C7E0E2C40D74E2A90A94256C07C85EA1C4A0F2C40732241F0B14256C07A83D5FD26102C40E58839C4B44256C0E2E995B20C112C40732241F0B14256C04A505667F2112C40D74E2A90A94256C0484E4148CF122C40C5775AF69B4256C0EF9459D89A132C4049759FA8894256C04DAAFB444D142C409E320B5B734256C02DBED3B2DF142C40C92908E9594256C0B77652814C152C4009CAEA4C3E4256C0991309828F152C403CBD5296214256C02847CC21A6152C406FB0BADF044256C0991309828F152C40AF509D43E94156C0B77652814C152C40DA479AD1CF4156C02DBED3B2DF142C402F050684B94156C04DAAFB444D142C40B3024B36A74156C0EF9459D89A132C40A12B7B9C994156C0484E4148CF122C400558643C914156C04A505667F2112C4093F16B688E4156C0E2E995B20C112C40	0101000020E61000003CBD5296214256C0E2E995B20C112C40
20	Lluvia en Carretera Panamericana Ahuachapán	Aguacero fuerte reduce visibilidad en zona montañosa	13.916700000	-89.850000000	2000	2025-10-26 08:15:01.214923-06	2025-10-26 08:15:01.214925-06	\N	\N	\N	\N	\N	ad4cde1d-391d-4bea-96b1-b9f43e1f04f2	\N	\N	\N	\N	2025-10-26 08:15:01.215002-06	2025-10-26 08:15:01.215501-06	\N	7	5	10	0103000020E6100000010000002100000014CF980A407556C0857CD0B359D52B40F89B89B2457556C0B5AF4F4A8ED32B403143B772567556C0B8B37988D4D12B4053F156A6717556C06B2649683DD02B404BF6CC41967556C0AFFB048FD8CE2B40A37BF5DCC27556C0EFD354B3B3CD2B404C8DFBC0F57556C0DC625716DACC2B40CC4C36F92C7656C01629EA1454CC2B4066666666667656C0F8C163D526CC2B40008096D39F7656C01629EA1454CC2B40803FD10BD77656C0DC625716DACC2B402951D7EF097756C0EFD354B3B3CD2B4081D6FF8A367756C0AFFB048FD8CE2B4079DB75265B7756C06B2649683DD02B409B89155A767756C0B8B37988D4D12B40D430431A877756C0B5AF4F4A8ED32B40B8FD33C28C7756C0857CD0B359D52B40D430431A877756C05549511D25D72B409B89155A767756C0524527DFDED82B4079DB75265B7756C09FD257FF75DA2B4081D6FF8A367756C05BFD9BD8DADB2B402951D7EF097756C01B254CB4FFDC2B40803FD10BD77656C02E964951D9DD2B40008096D39F7656C0F4CFB6525FDE2B4066666666667656C012373D928CDE2B40CC4C36F92C7656C0F4CFB6525FDE2B404C8DFBC0F57556C02E964951D9DD2B40A37BF5DCC27556C01B254CB4FFDC2B404BF6CC41967556C05BFD9BD8DADB2B4053F156A6717556C09FD257FF75DA2B403143B772567556C0524527DFDED82B40F89B89B2457556C05549511D25D72B4014CF980A407556C0857CD0B359D52B40	0101000020E610000066666666667656C0857CD0B359D52B40
21	Vehículo incendiado en CA-1 Oeste	Bus se incendia cerca de Sonsonate - bomberos en camino	13.700000000	-89.600000000	800	2025-10-26 08:15:01.21697-06	2025-10-26 08:15:01.216973-06	\N	\N	\N	\N	\N	a9d51e2b-7278-45fd-a44a-96b49314b053	\N	\N	\N	\N	2025-10-26 08:15:01.217082-06	2025-10-26 08:15:01.217767-06	\N	7	17	7	0103000020E61000000100000021000000DF2914A8F06556C06666666666662B40A04841EBF26556C0AC4799A2AE652B40B7BE869EF96556C01416AAEEFD642B402BD1F97F046656C0C210FD145B642B40C26C8F24136656C04399AE57CC632B40B13B39FC246656C090BC013357632B405CDC6E57396656C0EF28692700632B408FC2EC6D4F6656C03A783D8DCA622B4066666666666656C02E82D473B8622B403D0AE05E7D6656C03A783D8DCA622B4070F05D75936656C0EF28692700632B401B9193D0A76656C090BC013357632B400A603DA8B96656C04399AE57CC632B40A1FBD24CC86656C0C210FD145B642B40150E462ED36656C01416AAEEFD642B402C848BE1D96656C0AC4799A2AE652B40EDA2B824DC6656C06666666666662B402C848BE1D96656C02085332A1E672B40150E462ED36656C0B8B622DECE672B40A1FBD24CC86656C00ABCCFB771682B400A603DA8B96656C089331E7500692B401B9193D0A76656C03C10CB9975692B4070F05D75936656C0DDA363A5CC692B403D0AE05E7D6656C092548F3F026A2B4066666666666656C09E4AF858146A2B408FC2EC6D4F6656C092548F3F026A2B405CDC6E57396656C0DDA363A5CC692B40B13B39FC246656C03C10CB9975692B40C26C8F24136656C089331E7500692B402BD1F97F046656C00ABCCFB771682B40B7BE869EF96556C0B8B622DECE672B40A04841EBF26556C02085332A1E672B40DF2914A8F06556C06666666666662B40	0101000020E610000066666666666656C06666666666662B40
22	Control policial en Carretera Los Chorros	Retén de la PNC causa lentitud hacia Los Chorros	13.820000000	-89.280000000	300	2025-10-26 08:15:01.21965-06	2025-10-26 08:15:01.219653-06	\N	\N	\N	\N	\N	82d3478c-dfa4-4bef-9fe9-fba58ad33505	\N	\N	\N	\N	2025-10-26 08:15:01.219768-06	2025-10-26 08:15:01.220339-06	\N	7	2	8	0103000020E610000001000000210000009FE1BF5DBF5156C0A4703D0AD7A32B4028CDF036C05156C01E85D02092A32B4070D92ABAC25156C085D256DD4FA32B405C00B6CEC65156C086F0B5CB12A32B40B41A6E4CCC5156C0B783B844DDA22B404EC84DFDD25156C0F4B0F756B1A22B408EE4819FDA5156C097799EB290A22B40E11AF1E7E25156C05317CE987CA22B4052B81E85EB5156C00FBB46CF75A22B40C3554C22F45156C05317CE987CA22B40168CBB6AFC5156C097799EB290A22B4056A8EF0C045256C0F4B0F756B1A22B40F055CFBD0A5256C0B783B844DDA22B404870873B105256C086F0B5CB12A32B4034971250145256C085D256DD4FA32B407CA34CD3165256C01E85D02092A32B40058F7DAC175256C0A4703D0AD7A32B407CA34CD3165256C02A5CAAF31BA42B4034971250145256C0C30E24375EA42B404870873B105256C0C2F0C4489BA42B40F055CFBD0A5256C0915DC2CFD0A42B4056A8EF0C045256C0543083BDFCA42B40168CBB6AFC5156C0B167DC611DA52B40C3554C22F45156C0F5C9AC7B31A52B4052B81E85EB5156C03926344538A52B40E11AF1E7E25156C0F5C9AC7B31A52B408EE4819FDA5156C0B167DC611DA52B404EC84DFDD25156C0543083BDFCA42B40B41A6E4CCC5156C0915DC2CFD0A42B405C00B6CEC65156C0C2F0C4489BA42B4070D92ABAC25156C0C30E24375EA42B4028CDF036C05156C02A5CAAF31BA42B409FE1BF5DBF5156C0A4703D0AD7A32B40	0101000020E610000052B81E85EB5156C0A4703D0AD7A32B40
23	Ganado suelto en RN-5 San Vicente	Varias reses obstaculizan el tránsito hacia San Vicente	13.633300000	-88.783300000	100	2025-10-26 08:15:01.221949-06	2025-10-26 08:15:01.221952-06	\N	\N	\N	\N	\N	4a4b2778-7472-4395-9a9c-bc566b8e7776	\N	\N	\N	\N	2025-10-26 08:15:01.222033-06	2025-10-26 08:15:01.222556-06	\N	7	5	12	0103000020E61000000100000021000000AB7588DE123256C0151DC9E53F442B408319EE26133256C03E794FED28442B4046C856FD133256C00B93D1D612442B40952A8559153256C060F29B7BFE432B4007DE172E173256C07123F2A3EC432B40E5170D69193256C0DA875CFFDD432B40FBCB73F41B3256C06675E91DD3432B40C18843B71E3256C04FFFA36ACC432B403CBD5296213256C08EE07627CA432B40B7F16175243256C04FFFA36ACC432B407DAE3138273256C06675E91DD3432B40936298C3293256C0DA875CFFDD432B40719C8DFE2B3256C07123F2A3EC432B40E34F20D32D3256C060F29B7BFE432B4032B24E2F2F3256C00B93D1D612442B40F560B705303256C03E794FED28442B40CD041D4E303256C0151DC9E53F442B40F560B705303256C0ECC042DE56442B4032B24E2F2F3256C01FA7C0F46C442B40E34F20D32D3256C0CA47F64F81442B40719C8DFE2B3256C0B916A02793442B40936298C3293256C050B235CCA1442B407DAE3138273256C0C4C4A8ADAC442B40B7F16175243256C0DB3AEE60B3442B403CBD5296213256C09C591BA4B5442B40C18843B71E3256C0DB3AEE60B3442B40FBCB73F41B3256C0C4C4A8ADAC442B40E5170D69193256C050B235CCA1442B4007DE172E173256C0B916A02793442B40952A8559153256C0CA47F64F81442B4046C856FD133256C01FA7C0F46C442B408319EE26133256C0ECC042DE56442B40AB7588DE123256C0151DC9E53F442B40	0101000020E61000003CBD5296213256C0151DC9E53F442B40
24	inundacion	inundacion en mi casa	13.749837418	-89.599081000	50	2025-10-26 08:26:47.42363-06	2025-10-26 08:26:47.423644-06	2025-11-25 08:26:47.423646-06	\N	\N	\N	\N	f926a2ed-e519-425c-9426-77f539bd9922	\N	\N	\N	\N	2025-10-26 08:26:47.424835-06	2025-10-26 08:26:47.426762-06	\N	2	17	10	0103000020E610000001000000210000002386F0FB4F6656C047D0A5B0EA7F2B400F582320506656C05BFE6834DF7F2B4070AF578B506656C0420B2A29D47F2B4097E06E39516656C0ED3A8FFBC97F2B40513AB823526656C07553BA0FC17F2B4040D73241536656C0AA856FBDB97F2B404A31E686546656C070FCB54CB47F2B40AE0F4EE8556656C0644113F3B07F2B40EBA9D557576656C003B27CD1AF7F2B4028445DC7586656C0644113F3B07F2B408C22C5285A6656C070FCB54CB47F2B40967C786E5B6656C0AA856FBDB97F2B408519F38B5C6656C07553BA0FC17F2B403F733C765D6656C0ED3A8FFBC97F2B4066A453245E6656C0420B2A29D47F2B40C7FB878F5E6656C05BFE6834DF7F2B40B3CDBAB35E6656C047D0A5B0EA7F2B40C7FB878F5E6656C033A2E22CF67F2B4066A453245E6656C04C95213801802B403F733C765D6656C0A165BC650B802B408519F38B5C6656C0194D915114802B40967C786E5B6656C0E41ADCA31B802B408C22C5285A6656C01EA4951421802B4028445DC7586656C02A5F386E24802B40EBA9D557576656C08BEECE8F25802B40AE0F4EE8556656C02A5F386E24802B404A31E686546656C01EA4951421802B4040D73241536656C0E41ADCA31B802B40513AB823526656C0194D915114802B4097E06E39516656C0A165BC650B802B4070AF578B506656C04C95213801802B400F582320506656C033A2E22CF67F2B402386F0FB4F6656C047D0A5B0EA7F2B40	0101000020E6100000EBA9D557576656C047D0A5B0EA7F2B40
25	inundacion	inundacion en mi casa	13.744903300	-89.599081000	50	2025-10-26 08:20:00-06	2025-10-26 08:20:00-06	2025-11-26 00:00:00-06	\N	\N	\N	\N	4466a242-8fa6-4d53-bd13-bb6b341f32c8	1	admin	\N	\N	2025-10-26 08:29:42.471799-06	2025-10-26 08:29:42.473354-06	\N	2	17	10	0103000020E610000001000000210000002386F0FB4F6656C06E5D20F7637D2B400F582320506656C0828BE37A587D2B4070AF578B506656C06998A46F4D7D2B4097E06E39516656C014C80942437D2B40513AB823526656C09CE034563A7D2B4040D73241536656C0D112EA03337D2B404A31E686546656C0978930932D7D2B40AE0F4EE8556656C08BCE8D392A7D2B40EBA9D557576656C02A3FF717297D2B4028445DC7586656C08BCE8D392A7D2B408C22C5285A6656C0978930932D7D2B40967C786E5B6656C0D112EA03337D2B408519F38B5C6656C09CE034563A7D2B403F733C765D6656C014C80942437D2B4066A453245E6656C06998A46F4D7D2B40C7FB878F5E6656C0828BE37A587D2B40B3CDBAB35E6656C06E5D20F7637D2B40C7FB878F5E6656C05A2F5D736F7D2B4066A453245E6656C073229C7E7A7D2B403F733C765D6656C0C8F236AC847D2B408519F38B5C6656C040DA0B988D7D2B40967C786E5B6656C00BA856EA947D2B408C22C5285A6656C04531105B9A7D2B4028445DC7586656C051ECB2B49D7D2B40EBA9D557576656C0B27B49D69E7D2B40AE0F4EE8556656C051ECB2B49D7D2B404A31E686546656C04531105B9A7D2B4040D73241536656C00BA856EA947D2B40513AB823526656C040DA0B988D7D2B4097E06E39516656C0C8F236AC847D2B4070AF578B506656C073229C7E7A7D2B400F582320506656C05A2F5D736F7D2B402386F0FB4F6656C06E5D20F7637D2B40	0101000020E6100000EBA9D557576656C06E5D20F7637D2B40
26	Test Event UPDATED via PUT	Descripción actualizada desde API PUT - funciona correctamente	13.700000000	-89.200000000	150	2025-10-26 08:54:20.971158-06	2025-10-26 08:54:20.971167-06	\N	\N	\N	\N	\N	8b484b5a-a929-49a6-b985-1e04c61c4ec6	8	frontend_user	8	frontend_user	2025-10-26 08:54:20.971228-06	2025-10-26 08:58:15.566349-06	2025-10-26 08:58:15.566047-06	2	5	1	0103000020E610000001000000210000003C850215BE4C56C06666666666662B401429685DBE4C56C08FC2EC6D4F662B40D7D7D033BF4C56C05CDC6E5739662B40263AFF8FC04C56C0B13B39FC24662B4098ED9164C24C56C0C26C8F2413662B407627879FC44C56C02BD1F97F04662B408CDBED2AC74C56C0B7BE869EF9652B405298BDEDC94C56C0A04841EBF2652B40CDCCCCCCCC4C56C0DF2914A8F0652B404801DCABCF4C56C0A04841EBF2652B400EBEAB6ED24C56C0B7BE869EF9652B40247212FAD44C56C02BD1F97F04662B4002AC0735D74C56C0C26C8F2413662B40745F9A09D94C56C0B13B39FC24662B40C3C1C865DA4C56C05CDC6E5739662B408670313CDB4C56C08FC2EC6D4F662B405E149784DB4C56C06666666666662B408670313CDB4C56C03D0AE05E7D662B40C3C1C865DA4C56C070F05D7593662B40745F9A09D94C56C01B9193D0A7662B4002AC0735D74C56C00A603DA8B9662B40247212FAD44C56C0A1FBD24CC8662B400EBEAB6ED24C56C0150E462ED3662B404801DCABCF4C56C02C848BE1D9662B40CDCCCCCCCC4C56C0EDA2B824DC662B405298BDEDC94C56C02C848BE1D9662B408CDBED2AC74C56C0150E462ED3662B407627879FC44C56C0A1FBD24CC8662B4098ED9164C24C56C00A603DA8B9662B40263AFF8FC04C56C01B9193D0A7662B40D7D7D033BF4C56C070F05D7593662B401429685DBE4C56C03D0AE05E7D662B403C850215BE4C56C06666666666662B40	0101000020E6100000CDCCCCCCCC4C56C06666666666662B40
\.


--
-- TOC entry 4405 (class 0 OID 24717)
-- Dependencies: 221
-- Data for Name: nivel_gravedad; Type: TABLE DATA; Schema: public; Owner: -
--

COPY public.nivel_gravedad (id, codigo, nombre, orden, creado_en, actualizado_en) FROM stdin;
2	BAJO	Crítica	5	2025-10-25 13:27:57.867995-06	2025-10-25 13:27:57.868234-06
5	MEDIO	Gravedad Baja	1	2025-10-25 13:41:19.336436-06	2025-10-25 13:41:19.336678-06
13	ALTO	muy bajo	1	2025-10-25 14:03:14.942118-06	2025-10-25 14:03:14.942495-06
17	CRITICO	Crítico	5	2025-10-26 08:12:01.281539-06	2025-10-26 08:12:01.281803-06
18	INFORMATIVO	Informativo	1	2025-10-26 08:12:01.286045-06	2025-10-26 08:12:01.286179-06
\.


--
-- TOC entry 4194 (class 0 OID 26995)
-- Dependencies: 229
-- Data for Name: spatial_ref_sys; Type: TABLE DATA; Schema: public; Owner: -
--

COPY public.spatial_ref_sys (srid, auth_name, auth_srid, srtext, proj4text) FROM stdin;
\.


--
-- TOC entry 4407 (class 0 OID 24725)
-- Dependencies: 223
-- Data for Name: tipo_evento; Type: TABLE DATA; Schema: public; Owner: -
--

COPY public.tipo_evento (id, codigo, nombre, descripcion, activo, creado_en, actualizado_en) FROM stdin;
1	ACC	Accidente	Accidente de tráfico	t	2025-10-25 11:15:22.104249-06	2025-10-25 11:15:22.119521-06
2	CON	Construcción	Trabajos de construcción	t	2025-10-25 11:15:22.123158-06	2025-10-25 11:15:22.123365-06
3	CA	Caida de arbol		t	2025-10-25 11:17:12.447712-06	2025-10-25 11:17:12.448019-06
4	EMER	Situación de Emergencia	Eventos que requieren atención inmediata	t	2025-10-25 13:32:56.855019-06	2025-10-25 13:32:56.855231-06
5	DER	Derrumbe		t	2025-10-25 13:34:37.140485-06	2025-10-25 13:34:37.14097-06
7	ACCIDENTE	Accidente de Tránsito	Accidente vehicular	t	2025-10-26 08:03:15.16038-06	2025-10-26 08:03:15.160669-06
8	CONGESTION	Congestión Vehicular	Tráfico lento o detenido	t	2025-10-26 08:11:18.100164-06	2025-10-26 08:11:18.100435-06
9	OBRA	Obra Vial	Trabajos de construcción o mantenimiento	t	2025-10-26 08:12:01.294025-06	2025-10-26 08:12:01.294243-06
10	CLIMA	Condición Climática	Lluvia, neblina u otras condiciones climáticas	t	2025-10-26 08:12:01.296984-06	2025-10-26 08:12:01.297205-06
11	VEHICULO_VARADO	Vehículo Varado	Vehículo descompuesto en la vía	t	2025-10-26 08:15:01.171969-06	2025-10-26 08:15:01.172371-06
12	BLOQUEO	Bloqueo de Vía	Manifestación o bloqueo de carretera	t	2025-10-26 08:15:01.175759-06	2025-10-26 08:15:01.176006-06
13	DERRUMBE	Derrumbe	Deslizamiento de tierra o rocas	t	2025-10-26 08:15:01.178326-06	2025-10-26 08:15:01.178591-06
\.


--
-- TOC entry 4418 (class 0 OID 0)
-- Dependencies: 216
-- Name: django_migrations_id_seq; Type: SEQUENCE SET; Schema: public; Owner: -
--

SELECT pg_catalog.setval('public.django_migrations_id_seq', 24, true);


--
-- TOC entry 4419 (class 0 OID 0)
-- Dependencies: 218
-- Name: estado_evento_id_seq; Type: SEQUENCE SET; Schema: public; Owner: -
--

SELECT pg_catalog.setval('public.estado_evento_id_seq', 7, true);


--
-- TOC entry 4420 (class 0 OID 0)
-- Dependencies: 226
-- Name: evento_ruta_afectada_id_seq; Type: SEQUENCE SET; Schema: public; Owner: -
--

SELECT pg_catalog.setval('public.evento_ruta_afectada_id_seq', 1, false);


--
-- TOC entry 4421 (class 0 OID 0)
-- Dependencies: 224
-- Name: evento_trafico_id_seq; Type: SEQUENCE SET; Schema: public; Owner: -
--

SELECT pg_catalog.setval('public.evento_trafico_id_seq', 26, true);


--
-- TOC entry 4422 (class 0 OID 0)
-- Dependencies: 220
-- Name: nivel_gravedad_id_seq; Type: SEQUENCE SET; Schema: public; Owner: -
--

SELECT pg_catalog.setval('public.nivel_gravedad_id_seq', 18, true);


--
-- TOC entry 4423 (class 0 OID 0)
-- Dependencies: 222
-- Name: tipo_evento_id_seq; Type: SEQUENCE SET; Schema: public; Owner: -
--

SELECT pg_catalog.setval('public.tipo_evento_id_seq', 13, true);


--
-- TOC entry 4197 (class 2606 OID 24637)
-- Name: django_migrations django_migrations_pkey; Type: CONSTRAINT; Schema: public; Owner: -
--

ALTER TABLE ONLY public.django_migrations
    ADD CONSTRAINT django_migrations_pkey PRIMARY KEY (id);


--
-- TOC entry 4201 (class 2606 OID 24715)
-- Name: estado_evento estado_evento_codigo_key; Type: CONSTRAINT; Schema: public; Owner: -
--

ALTER TABLE ONLY public.estado_evento
    ADD CONSTRAINT estado_evento_codigo_key UNIQUE (codigo);


--
-- TOC entry 4203 (class 2606 OID 24713)
-- Name: estado_evento estado_evento_pkey; Type: CONSTRAINT; Schema: public; Owner: -
--

ALTER TABLE ONLY public.estado_evento
    ADD CONSTRAINT estado_evento_pkey PRIMARY KEY (id);


--
-- TOC entry 4239 (class 2606 OID 27838)
-- Name: evento_ruta_afectada evento_ruta_afectada_evento_id_sistema_origen_0acf55d4_uniq; Type: CONSTRAINT; Schema: public; Owner: -
--

ALTER TABLE ONLY public.evento_ruta_afectada
    ADD CONSTRAINT evento_ruta_afectada_evento_id_sistema_origen_0acf55d4_uniq UNIQUE (evento_id, sistema_origen, ruta_id_externo);


--
-- TOC entry 4241 (class 2606 OID 24747)
-- Name: evento_ruta_afectada evento_ruta_afectada_pkey; Type: CONSTRAINT; Schema: public; Owner: -
--

ALTER TABLE ONLY public.evento_ruta_afectada
    ADD CONSTRAINT evento_ruta_afectada_pkey PRIMARY KEY (id);


--
-- TOC entry 4234 (class 2606 OID 24741)
-- Name: evento_trafico evento_trafico_pkey; Type: CONSTRAINT; Schema: public; Owner: -
--

ALTER TABLE ONLY public.evento_trafico
    ADD CONSTRAINT evento_trafico_pkey PRIMARY KEY (id);


--
-- TOC entry 4208 (class 2606 OID 24723)
-- Name: nivel_gravedad nivel_gravedad_codigo_key; Type: CONSTRAINT; Schema: public; Owner: -
--

ALTER TABLE ONLY public.nivel_gravedad
    ADD CONSTRAINT nivel_gravedad_codigo_key UNIQUE (codigo);


--
-- TOC entry 4210 (class 2606 OID 24721)
-- Name: nivel_gravedad nivel_gravedad_pkey; Type: CONSTRAINT; Schema: public; Owner: -
--

ALTER TABLE ONLY public.nivel_gravedad
    ADD CONSTRAINT nivel_gravedad_pkey PRIMARY KEY (id);


--
-- TOC entry 4215 (class 2606 OID 24733)
-- Name: tipo_evento tipo_evento_codigo_key; Type: CONSTRAINT; Schema: public; Owner: -
--

ALTER TABLE ONLY public.tipo_evento
    ADD CONSTRAINT tipo_evento_codigo_key UNIQUE (codigo);


--
-- TOC entry 4217 (class 2606 OID 24731)
-- Name: tipo_evento tipo_evento_pkey; Type: CONSTRAINT; Schema: public; Owner: -
--

ALTER TABLE ONLY public.tipo_evento
    ADD CONSTRAINT tipo_evento_pkey PRIMARY KEY (id);


--
-- TOC entry 4198 (class 1259 OID 24759)
-- Name: estado_even_codigo_5f531c_idx; Type: INDEX; Schema: public; Owner: -
--

CREATE INDEX estado_even_codigo_5f531c_idx ON public.estado_evento USING btree (codigo);


--
-- TOC entry 4199 (class 1259 OID 24758)
-- Name: estado_evento_codigo_3d93a0b5_like; Type: INDEX; Schema: public; Owner: -
--

CREATE INDEX estado_evento_codigo_3d93a0b5_like ON public.estado_evento USING btree (codigo varchar_pattern_ops);


--
-- TOC entry 4237 (class 1259 OID 24791)
-- Name: evento_ruta_afectada_evento_id_929d21eb; Type: INDEX; Schema: public; Owner: -
--

CREATE INDEX evento_ruta_afectada_evento_id_929d21eb ON public.evento_ruta_afectada USING btree (evento_id);


--
-- TOC entry 4242 (class 1259 OID 24792)
-- Name: evento_ruta_evento__ec847f_idx; Type: INDEX; Schema: public; Owner: -
--

CREATE INDEX evento_ruta_evento__ec847f_idx ON public.evento_ruta_afectada USING btree (evento_id);


--
-- TOC entry 4243 (class 1259 OID 24795)
-- Name: evento_ruta_relevan_820be0_idx; Type: INDEX; Schema: public; Owner: -
--

CREATE INDEX evento_ruta_relevan_820be0_idx ON public.evento_ruta_afectada USING btree (relevancia);


--
-- TOC entry 4244 (class 1259 OID 24794)
-- Name: evento_ruta_ruta_co_7b55ec_idx; Type: INDEX; Schema: public; Owner: -
--

CREATE INDEX evento_ruta_ruta_co_7b55ec_idx ON public.evento_ruta_afectada USING btree (ruta_codigo);


--
-- TOC entry 4245 (class 1259 OID 27839)
-- Name: evento_ruta_sistema_502bb6_idx; Type: INDEX; Schema: public; Owner: -
--

CREATE INDEX evento_ruta_sistema_502bb6_idx ON public.evento_ruta_afectada USING btree (sistema_origen, ruta_id_externo);


--
-- TOC entry 4218 (class 1259 OID 27910)
-- Name: evento_traf_area_af_836cc5_idx; Type: INDEX; Schema: public; Owner: -
--

CREATE INDEX evento_traf_area_af_836cc5_idx ON public.evento_trafico USING gist (area_afectacion);


--
-- TOC entry 4219 (class 1259 OID 24756)
-- Name: evento_traf_correla_5388a7_idx; Type: INDEX; Schema: public; Owner: -
--

CREATE INDEX evento_traf_correla_5388a7_idx ON public.evento_trafico USING btree (correlacion_id);


--
-- TOC entry 4220 (class 1259 OID 24757)
-- Name: evento_traf_elimina_d5d5fa_idx; Type: INDEX; Schema: public; Owner: -
--

CREATE INDEX evento_traf_elimina_d5d5fa_idx ON public.evento_trafico USING btree (eliminado_en);


--
-- TOC entry 4221 (class 1259 OID 24750)
-- Name: evento_traf_estado__03c98c_idx; Type: INDEX; Schema: public; Owner: -
--

CREATE INDEX evento_traf_estado__03c98c_idx ON public.evento_trafico USING btree (estado_id);


--
-- TOC entry 4222 (class 1259 OID 24751)
-- Name: evento_traf_fecha_o_7b2e94_idx; Type: INDEX; Schema: public; Owner: -
--

CREATE INDEX evento_traf_fecha_o_7b2e94_idx ON public.evento_trafico USING btree (fecha_ocurrencia);


--
-- TOC entry 4223 (class 1259 OID 24752)
-- Name: evento_traf_fecha_r_a163fc_idx; Type: INDEX; Schema: public; Owner: -
--

CREATE INDEX evento_traf_fecha_r_a163fc_idx ON public.evento_trafico USING btree (fecha_reporte);


--
-- TOC entry 4224 (class 1259 OID 24749)
-- Name: evento_traf_graveda_655ff4_idx; Type: INDEX; Schema: public; Owner: -
--

CREATE INDEX evento_traf_graveda_655ff4_idx ON public.evento_trafico USING btree (gravedad_id);


--
-- TOC entry 4225 (class 1259 OID 27937)
-- Name: evento_traf_latitud_3313c0_idx; Type: INDEX; Schema: public; Owner: -
--

CREATE INDEX evento_traf_latitud_3313c0_idx ON public.evento_trafico USING btree (latitud, longitud);


--
-- TOC entry 4226 (class 1259 OID 24748)
-- Name: evento_traf_tipo_id_8e77ff_idx; Type: INDEX; Schema: public; Owner: -
--

CREATE INDEX evento_traf_tipo_id_8e77ff_idx ON public.evento_trafico USING btree (tipo_id);


--
-- TOC entry 4227 (class 1259 OID 27909)
-- Name: evento_traf_ubicaci_7c2435_idx; Type: INDEX; Schema: public; Owner: -
--

CREATE INDEX evento_traf_ubicaci_7c2435_idx ON public.evento_trafico USING gist (ubicacion);


--
-- TOC entry 4228 (class 1259 OID 27869)
-- Name: evento_traf_vehicul_57a3f0_idx; Type: INDEX; Schema: public; Owner: -
--

CREATE INDEX evento_traf_vehicul_57a3f0_idx ON public.evento_trafico USING btree (vehiculo_id_externo);


--
-- TOC entry 4229 (class 1259 OID 27889)
-- Name: evento_traf_viaje_i_a297b6_idx; Type: INDEX; Schema: public; Owner: -
--

CREATE INDEX evento_traf_viaje_i_a297b6_idx ON public.evento_trafico USING btree (viaje_id_externo);


--
-- TOC entry 4230 (class 1259 OID 27911)
-- Name: evento_trafico_area_afectacion_7098fbfa_id; Type: INDEX; Schema: public; Owner: -
--

CREATE INDEX evento_trafico_area_afectacion_7098fbfa_id ON public.evento_trafico USING gist (area_afectacion);


--
-- TOC entry 4231 (class 1259 OID 24781)
-- Name: evento_trafico_estado_id_8e5e9d1d; Type: INDEX; Schema: public; Owner: -
--

CREATE INDEX evento_trafico_estado_id_8e5e9d1d ON public.evento_trafico USING btree (estado_id);


--
-- TOC entry 4232 (class 1259 OID 24782)
-- Name: evento_trafico_gravedad_id_3d2043c2; Type: INDEX; Schema: public; Owner: -
--

CREATE INDEX evento_trafico_gravedad_id_3d2043c2 ON public.evento_trafico USING btree (gravedad_id);


--
-- TOC entry 4235 (class 1259 OID 24783)
-- Name: evento_trafico_tipo_id_dd29038f; Type: INDEX; Schema: public; Owner: -
--

CREATE INDEX evento_trafico_tipo_id_dd29038f ON public.evento_trafico USING btree (tipo_id);


--
-- TOC entry 4236 (class 1259 OID 27912)
-- Name: evento_trafico_ubicacion_a0d25425_id; Type: INDEX; Schema: public; Owner: -
--

CREATE INDEX evento_trafico_ubicacion_a0d25425_id ON public.evento_trafico USING gist (ubicacion);


--
-- TOC entry 4204 (class 1259 OID 24761)
-- Name: nivel_grave_codigo_e08f2d_idx; Type: INDEX; Schema: public; Owner: -
--

CREATE INDEX nivel_grave_codigo_e08f2d_idx ON public.nivel_gravedad USING btree (codigo);


--
-- TOC entry 4205 (class 1259 OID 24762)
-- Name: nivel_grave_orden_c557b6_idx; Type: INDEX; Schema: public; Owner: -
--

CREATE INDEX nivel_grave_orden_c557b6_idx ON public.nivel_gravedad USING btree (orden);


--
-- TOC entry 4206 (class 1259 OID 24760)
-- Name: nivel_gravedad_codigo_070aa497_like; Type: INDEX; Schema: public; Owner: -
--

CREATE INDEX nivel_gravedad_codigo_070aa497_like ON public.nivel_gravedad USING btree (codigo varchar_pattern_ops);


--
-- TOC entry 4211 (class 1259 OID 24765)
-- Name: tipo_evento_activo_432b5b_idx; Type: INDEX; Schema: public; Owner: -
--

CREATE INDEX tipo_evento_activo_432b5b_idx ON public.tipo_evento USING btree (activo);


--
-- TOC entry 4212 (class 1259 OID 24764)
-- Name: tipo_evento_codigo_b80c1b_idx; Type: INDEX; Schema: public; Owner: -
--

CREATE INDEX tipo_evento_codigo_b80c1b_idx ON public.tipo_evento USING btree (codigo);


--
-- TOC entry 4213 (class 1259 OID 24763)
-- Name: tipo_evento_codigo_bcc5e2a7_like; Type: INDEX; Schema: public; Owner: -
--

CREATE INDEX tipo_evento_codigo_bcc5e2a7_like ON public.tipo_evento USING btree (codigo varchar_pattern_ops);


--
-- TOC entry 4251 (class 2606 OID 24786)
-- Name: evento_ruta_afectada evento_ruta_afectada_evento_id_929d21eb_fk_evento_trafico_id; Type: FK CONSTRAINT; Schema: public; Owner: -
--

ALTER TABLE ONLY public.evento_ruta_afectada
    ADD CONSTRAINT evento_ruta_afectada_evento_id_929d21eb_fk_evento_trafico_id FOREIGN KEY (evento_id) REFERENCES public.evento_trafico(id) DEFERRABLE INITIALLY DEFERRED;


--
-- TOC entry 4248 (class 2606 OID 24766)
-- Name: evento_trafico evento_trafico_estado_id_8e5e9d1d_fk_estado_evento_id; Type: FK CONSTRAINT; Schema: public; Owner: -
--

ALTER TABLE ONLY public.evento_trafico
    ADD CONSTRAINT evento_trafico_estado_id_8e5e9d1d_fk_estado_evento_id FOREIGN KEY (estado_id) REFERENCES public.estado_evento(id) DEFERRABLE INITIALLY DEFERRED;


--
-- TOC entry 4249 (class 2606 OID 24771)
-- Name: evento_trafico evento_trafico_gravedad_id_3d2043c2_fk_nivel_gravedad_id; Type: FK CONSTRAINT; Schema: public; Owner: -
--

ALTER TABLE ONLY public.evento_trafico
    ADD CONSTRAINT evento_trafico_gravedad_id_3d2043c2_fk_nivel_gravedad_id FOREIGN KEY (gravedad_id) REFERENCES public.nivel_gravedad(id) DEFERRABLE INITIALLY DEFERRED;


--
-- TOC entry 4250 (class 2606 OID 24776)
-- Name: evento_trafico evento_trafico_tipo_id_dd29038f_fk_tipo_evento_id; Type: FK CONSTRAINT; Schema: public; Owner: -
--

ALTER TABLE ONLY public.evento_trafico
    ADD CONSTRAINT evento_trafico_tipo_id_dd29038f_fk_tipo_evento_id FOREIGN KEY (tipo_id) REFERENCES public.tipo_evento(id) DEFERRABLE INITIALLY DEFERRED;


-- Completed on 2025-10-26 11:17:25 CST

--
-- PostgreSQL database dump complete
--

